INSERT INTO TB_STATUS_AGENDA (co_agenda, dt_cadastro, st_status, dt_inicio_agenda, dt_fim_agenda, nu_valor, nu_duracao, ds_observacao, co_usuario, co_cliente) VALUES ("20", "2019-08-07 00:16:03", "6", "2019-07-30 08:00:00", "2019-07-30 09:00:00", "39.90", "60", "Atualizado pelo Sistema", "1", "3");

INSERT INTO TB_STATUS_AGENDA_SERVICO (co_status_agenda, co_servico, st_status) VALUES ("193", "33", "1");

INSERT INTO TB_STATUS_AGENDA_PROFISSIONAL (co_status_agenda_servico, co_status_agenda, co_profissional, tp_profissional) VALUES ("147", "193", "20", "1");

INSERT INTO TB_STATUS_AGENDA_PROFISSIONAL (co_status_agenda_servico, co_status_agenda, co_profissional, tp_profissional) VALUES ("147", "193", "0", "2");

INSERT INTO TB_STATUS_AGENDA (co_agenda, dt_cadastro, st_status, dt_inicio_agenda, dt_fim_agenda, nu_valor, nu_duracao, ds_observacao, co_usuario, co_cliente) VALUES ("19", "2019-08-07 09:44:27", "7", "2019-08-07 08:00:00", "2019-08-07 08:30:00", "55.44", "30", "dwqdqw dwq", "8", "2");

INSERT INTO TB_STATUS_AGENDA_SERVICO (co_status_agenda, co_servico, st_status) VALUES ("194", "41", "3");

INSERT INTO TB_STATUS_AGENDA_PROFISSIONAL (co_status_agenda_servico, co_status_agenda, co_profissional, tp_profissional) VALUES ("148", "194", "19", "1");

INSERT INTO TB_STATUS_AGENDA (co_agenda, dt_cadastro, st_status, dt_inicio_agenda, dt_fim_agenda, nu_valor, nu_duracao, ds_observacao, co_usuario, co_cliente) VALUES ("19", "2019-08-07 09:44:37", "7", "2019-08-07 08:00:00", "2019-08-07 08:30:00", "55.44", "30", "dwqdqw dwq", "8", "2");

INSERT INTO TB_STATUS_AGENDA_SERVICO (co_status_agenda, co_servico, st_status) VALUES ("195", "41", "3");

INSERT INTO TB_STATUS_AGENDA_PROFISSIONAL (co_status_agenda_servico, co_status_agenda, co_profissional, tp_profissional) VALUES ("149", "195", "19", "1");

INSERT INTO TB_STATUS_AGENDA (co_agenda, dt_cadastro, st_status, dt_inicio_agenda, dt_fim_agenda, nu_valor, nu_duracao, ds_observacao, co_usuario, co_cliente) VALUES ("19", "2019-08-07 09:46:10", "7", "2019-08-07 08:00:00", "2019-08-07 08:30:00", "55.44", "30", "dwqdqw dwq", "8", "2");

INSERT INTO TB_STATUS_AGENDA_SERVICO (co_status_agenda, co_servico, st_status) VALUES ("196", "41", "3");

INSERT INTO TB_STATUS_AGENDA_PROFISSIONAL (co_status_agenda_servico, co_status_agenda, co_profissional, tp_profissional) VALUES ("150", "196", "19", "1");

INSERT INTO TB_STATUS_AGENDA (co_agenda, dt_cadastro, st_status, dt_inicio_agenda, dt_fim_agenda, nu_valor, nu_duracao, ds_observacao, co_usuario, co_cliente) VALUES ("19", "2019-08-07 09:46:30", "7", "2019-08-07 08:00:00", "2019-08-07 08:30:00", "55.44", "30", "dwqdqw dwq", "8", "2");

INSERT INTO TB_STATUS_AGENDA_SERVICO (co_status_agenda, co_servico, st_status) VALUES ("197", "41", "3");

INSERT INTO TB_STATUS_AGENDA_PROFISSIONAL (co_status_agenda_servico, co_status_agenda, co_profissional, tp_profissional) VALUES ("151", "197", "19", "1");

INSERT INTO TB_STATUS_AGENDA (co_agenda, dt_cadastro, st_status, dt_inicio_agenda, dt_fim_agenda, nu_valor, nu_duracao, ds_observacao, co_usuario, co_cliente) VALUES ("19", "2019-08-07 09:46:54", "7", "2019-08-07 08:00:00", "2019-08-07 08:30:00", "55.44", "30", "dwqdqw dwq", "8", "2");

INSERT INTO TB_STATUS_AGENDA_SERVICO (co_status_agenda, co_servico, st_status) VALUES ("198", "41", "3");

INSERT INTO TB_STATUS_AGENDA_PROFISSIONAL (co_status_agenda_servico, co_status_agenda, co_profissional, tp_profissional) VALUES ("152", "198", "19", "1");

INSERT INTO TB_STATUS_AGENDA (co_agenda, dt_cadastro, st_status, dt_inicio_agenda, dt_fim_agenda, nu_valor, nu_duracao, ds_observacao, co_usuario, co_cliente) VALUES ("19", "2019-08-07 09:47:07", "7", "2019-08-07 08:00:00", "2019-08-07 08:30:00", "55.44", "30", "dwqdqw dwq", "8", "2");

INSERT INTO TB_STATUS_AGENDA_SERVICO (co_status_agenda, co_servico, st_status) VALUES ("199", "41", "3");

INSERT INTO TB_STATUS_AGENDA_PROFISSIONAL (co_status_agenda_servico, co_status_agenda, co_profissional, tp_profissional) VALUES ("153", "199", "19", "1");

INSERT INTO TB_STATUS_AGENDA_PROFISSIONAL (co_status_agenda_servico, co_status_agenda, tp_profissional) VALUES ("153", "199", "2");

INSERT INTO TB_AGENDA (dt_cadastro, co_assinante) VALUES ("2019-08-07 09:48:58", "11");

INSERT INTO TB_STATUS_AGENDA (co_agenda, dt_cadastro, st_status, dt_inicio_agenda, dt_fim_agenda, nu_valor, nu_duracao, ds_observacao, co_usuario, co_cliente) VALUES ("21", "2019-08-07 09:48:58", "3", "2019-08-07 08:00:00", "2019-08-07 08:10:00", "39.99", "10", "fqwef weqfgqreg", "8", "3");

INSERT INTO TB_STATUS_AGENDA_SERVICO (co_status_agenda, co_servico, st_status) VALUES ("200", "30", "1");

INSERT INTO TB_STATUS_AGENDA_PROFISSIONAL (co_status_agenda_servico, co_status_agenda, co_profissional, tp_profissional) VALUES ("154", "200", "21", "1");

INSERT INTO TB_STATUS_AGENDA_PROFISSIONAL (co_status_agenda_servico, co_status_agenda, co_profissional, tp_profissional) VALUES ("154", "200", "null", "2");

INSERT INTO TB_STATUS_AGENDA (co_agenda, dt_cadastro, st_status, dt_inicio_agenda, dt_fim_agenda, nu_valor, nu_duracao, ds_observacao, co_usuario, co_cliente) VALUES ("21", "2019-08-07 09:49:20", "4", "2019-08-07 08:00:00", "2019-08-07 08:10:00", "39.99", "10", "fqwef weqfgqreg", "8", "3");

INSERT INTO TB_STATUS_AGENDA_SERVICO (co_status_agenda, co_servico, st_status) VALUES ("201", "30", "2");

INSERT INTO TB_STATUS_AGENDA_PROFISSIONAL (co_status_agenda_servico, co_status_agenda, co_profissional, tp_profissional) VALUES ("155", "201", "21", "1");

INSERT INTO TB_STATUS_AGENDA_PROFISSIONAL (co_status_agenda_servico, co_status_agenda, tp_profissional) VALUES ("155", "201", "2");

INSERT INTO TB_ENDERECO (ds_endereco, ds_complemento, ds_bairro, nu_cep, no_cidade, sg_uf) VALUES ("QR 403 Conjunto 10", "", "Samambaia Norte (Samambaia)", "72319111", "Brasília", "DF");

INSERT INTO TB_CONTATO (nu_tel1, nu_tel2, nu_tel3, nu_tel_0800, ds_email, ds_site, ds_facebook, ds_twitter, ds_instagram) VALUES ("61991058681", "", "", "", "lele.403@hotmail.com", "", "", "", "");

INSERT INTO TB_PESSOA (nu_cpf, no_pessoa, nu_rg, dt_cadastro, dt_nascimento, st_sexo, co_imagem, co_contato, co_endereco) VALUES ("12345678909", "Letícia Bessa", "", "2019-08-07 09:54:01", "1992-08-27", "F", "", "94", "108");

INSERT INTO TB_CLIENTE (dt_cadastro, st_status, no_apelido, ds_observacao, st_receber_email_agendamento, st_lembrete_horario_agendamento, st_sms_marketing, st_email_marketing, nu_como_conheceu, co_pessoa, co_assinante) VALUES ("2019-08-07 09:54:01", "A", "lele", "", "S", "S", "S", "S", "2", "82", "11");

