INSERT INTO TB_STATUS_AGENDA (co_agenda, dt_cadastro, st_status, dt_inicio_agenda, dt_fim_agenda, nu_valor, nu_duracao, ds_observacao, co_usuario, co_cliente) VALUES ("20", "2019-08-07 00:16:03", "6", "2019-07-30 08:00:00", "2019-07-30 09:00:00", "39.90", "60", "Atualizado pelo Sistema", "1", "3");

INSERT INTO TB_STATUS_AGENDA_SERVICO (co_status_agenda, co_servico, st_status) VALUES ("193", "33", "1");

INSERT INTO TB_STATUS_AGENDA_PROFISSIONAL (co_status_agenda_servico, co_status_agenda, co_profissional, tp_profissional) VALUES ("147", "193", "20", "1");

INSERT INTO TB_STATUS_AGENDA_PROFISSIONAL (co_status_agenda_servico, co_status_agenda, co_profissional, tp_profissional) VALUES ("147", "193", "0", "2");

INSERT INTO TB_STATUS_AGENDA (co_agenda, dt_cadastro, st_status, dt_inicio_agenda, dt_fim_agenda, nu_valor, nu_duracao, ds_observacao, co_usuario, co_cliente) VALUES ("19", "2019-08-07 09:44:27", "7", "2019-08-07 08:00:00", "2019-08-07 08:30:00", "55.44", "30", "dwqdqw dwq", "8", "2");

INSERT INTO TB_STATUS_AGENDA_SERVICO (co_status_agenda, co_servico, st_status) VALUES ("194", "41", "3");

INSERT INTO TB_STATUS_AGENDA_PROFISSIONAL (co_status_agenda_servico, co_status_agenda, co_profissional, tp_profissional) VALUES ("148", "194", "19", "1");

INSERT INTO TB_STATUS_AGENDA (co_agenda, dt_cadastro, st_status, dt_inicio_agenda, dt_fim_agenda, nu_valor, nu_duracao, ds_observacao, co_usuario, co_cliente) VALUES ("19", "2019-08-07 09:44:37", "7", "2019-08-07 08:00:00", "2019-08-07 08:30:00", "55.44", "30", "dwqdqw dwq", "8", "2");

INSERT INTO TB_STATUS_AGENDA_SERVICO (co_status_agenda, co_servico, st_status) VALUES ("195", "41", "3");

INSERT INTO TB_STATUS_AGENDA_PROFISSIONAL (co_status_agenda_servico, co_status_agenda, co_profissional, tp_profissional) VALUES ("149", "195", "19", "1");

INSERT INTO TB_STATUS_AGENDA (co_agenda, dt_cadastro, st_status, dt_inicio_agenda, dt_fim_agenda, nu_valor, nu_duracao, ds_observacao, co_usuario, co_cliente) VALUES ("19", "2019-08-07 09:46:10", "7", "2019-08-07 08:00:00", "2019-08-07 08:30:00", "55.44", "30", "dwqdqw dwq", "8", "2");

INSERT INTO TB_STATUS_AGENDA_SERVICO (co_status_agenda, co_servico, st_status) VALUES ("196", "41", "3");

INSERT INTO TB_STATUS_AGENDA_PROFISSIONAL (co_status_agenda_servico, co_status_agenda, co_profissional, tp_profissional) VALUES ("150", "196", "19", "1");

INSERT INTO TB_STATUS_AGENDA (co_agenda, dt_cadastro, st_status, dt_inicio_agenda, dt_fim_agenda, nu_valor, nu_duracao, ds_observacao, co_usuario, co_cliente) VALUES ("19", "2019-08-07 09:46:30", "7", "2019-08-07 08:00:00", "2019-08-07 08:30:00", "55.44", "30", "dwqdqw dwq", "8", "2");

INSERT INTO TB_STATUS_AGENDA_SERVICO (co_status_agenda, co_servico, st_status) VALUES ("197", "41", "3");

INSERT INTO TB_STATUS_AGENDA_PROFISSIONAL (co_status_agenda_servico, co_status_agenda, co_profissional, tp_profissional) VALUES ("151", "197", "19", "1");

INSERT INTO TB_STATUS_AGENDA (co_agenda, dt_cadastro, st_status, dt_inicio_agenda, dt_fim_agenda, nu_valor, nu_duracao, ds_observacao, co_usuario, co_cliente) VALUES ("19", "2019-08-07 09:46:54", "7", "2019-08-07 08:00:00", "2019-08-07 08:30:00", "55.44", "30", "dwqdqw dwq", "8", "2");

INSERT INTO TB_STATUS_AGENDA_SERVICO (co_status_agenda, co_servico, st_status) VALUES ("198", "41", "3");

INSERT INTO TB_STATUS_AGENDA_PROFISSIONAL (co_status_agenda_servico, co_status_agenda, co_profissional, tp_profissional) VALUES ("152", "198", "19", "1");

INSERT INTO TB_STATUS_AGENDA (co_agenda, dt_cadastro, st_status, dt_inicio_agenda, dt_fim_agenda, nu_valor, nu_duracao, ds_observacao, co_usuario, co_cliente) VALUES ("19", "2019-08-07 09:47:07", "7", "2019-08-07 08:00:00", "2019-08-07 08:30:00", "55.44", "30", "dwqdqw dwq", "8", "2");

INSERT INTO TB_STATUS_AGENDA_SERVICO (co_status_agenda, co_servico, st_status) VALUES ("199", "41", "3");

INSERT INTO TB_STATUS_AGENDA_PROFISSIONAL (co_status_agenda_servico, co_status_agenda, co_profissional, tp_profissional) VALUES ("153", "199", "19", "1");

INSERT INTO TB_STATUS_AGENDA_PROFISSIONAL (co_status_agenda_servico, co_status_agenda, tp_profissional) VALUES ("153", "199", "2");

INSERT INTO TB_AGENDA (dt_cadastro, co_assinante) VALUES ("2019-08-07 09:48:58", "11");

INSERT INTO TB_STATUS_AGENDA (co_agenda, dt_cadastro, st_status, dt_inicio_agenda, dt_fim_agenda, nu_valor, nu_duracao, ds_observacao, co_usuario, co_cliente) VALUES ("21", "2019-08-07 09:48:58", "3", "2019-08-07 08:00:00", "2019-08-07 08:10:00", "39.99", "10", "fqwef weqfgqreg", "8", "3");

INSERT INTO TB_STATUS_AGENDA_SERVICO (co_status_agenda, co_servico, st_status) VALUES ("200", "30", "1");

INSERT INTO TB_STATUS_AGENDA_PROFISSIONAL (co_status_agenda_servico, co_status_agenda, co_profissional, tp_profissional) VALUES ("154", "200", "21", "1");

INSERT INTO TB_STATUS_AGENDA_PROFISSIONAL (co_status_agenda_servico, co_status_agenda, co_profissional, tp_profissional) VALUES ("154", "200", "null", "2");

INSERT INTO TB_STATUS_AGENDA (co_agenda, dt_cadastro, st_status, dt_inicio_agenda, dt_fim_agenda, nu_valor, nu_duracao, ds_observacao, co_usuario, co_cliente) VALUES ("21", "2019-08-07 09:49:20", "4", "2019-08-07 08:00:00", "2019-08-07 08:10:00", "39.99", "10", "fqwef weqfgqreg", "8", "3");

INSERT INTO TB_STATUS_AGENDA_SERVICO (co_status_agenda, co_servico, st_status) VALUES ("201", "30", "2");

INSERT INTO TB_STATUS_AGENDA_PROFISSIONAL (co_status_agenda_servico, co_status_agenda, co_profissional, tp_profissional) VALUES ("155", "201", "21", "1");

INSERT INTO TB_STATUS_AGENDA_PROFISSIONAL (co_status_agenda_servico, co_status_agenda, tp_profissional) VALUES ("155", "201", "2");

INSERT INTO TB_ENDERECO (ds_endereco, ds_complemento, ds_bairro, nu_cep, no_cidade, sg_uf) VALUES ("QR 403 Conjunto 10", "", "Samambaia Norte (Samambaia)", "72319111", "Brasília", "DF");

INSERT INTO TB_CONTATO (nu_tel1, nu_tel2, nu_tel3, nu_tel_0800, ds_email, ds_site, ds_facebook, ds_twitter, ds_instagram) VALUES ("61991058681", "", "", "", "lele.403@hotmail.com", "", "", "", "");

INSERT INTO TB_PESSOA (nu_cpf, no_pessoa, nu_rg, dt_cadastro, dt_nascimento, st_sexo, co_imagem, co_contato, co_endereco) VALUES ("12345678909", "Letícia Bessa", "", "2019-08-07 09:54:01", "1992-08-27", "F", "", "94", "108");

INSERT INTO TB_CLIENTE (dt_cadastro, st_status, no_apelido, ds_observacao, st_receber_email_agendamento, st_lembrete_horario_agendamento, st_sms_marketing, st_email_marketing, nu_como_conheceu, co_pessoa, co_assinante) VALUES ("2019-08-07 09:54:01", "A", "lele", "", "S", "S", "S", "S", "2", "82", "11");

INSERT INTO TB_STATUS_AGENDA (co_agenda, dt_cadastro, st_status, dt_inicio_agenda, dt_fim_agenda, nu_valor, nu_duracao, ds_observacao, co_usuario, co_cliente) VALUES ("19", "2019-08-07 12:48:10", "7", "2019-08-08 08:00:00", "2019-08-08 08:30:00", "55.44", "30", "dwqdqw dwq", "8", "2");

INSERT INTO TB_STATUS_AGENDA_SERVICO (co_status_agenda, co_servico, st_status) VALUES ("202", "41", "1");

INSERT INTO TB_STATUS_AGENDA_PROFISSIONAL (co_status_agenda_servico, co_status_agenda, co_profissional, tp_profissional) VALUES ("156", "202", "19", "1");

INSERT INTO TB_STATUS_AGENDA_PROFISSIONAL (co_status_agenda_servico, co_status_agenda, tp_profissional) VALUES ("156", "202", "2");

INSERT INTO TB_AGENDA (dt_cadastro, co_assinante) VALUES ("2019-08-07 12:48:38", "11");

INSERT INTO TB_STATUS_AGENDA (co_agenda, dt_cadastro, st_status, dt_inicio_agenda, dt_fim_agenda, nu_valor, nu_duracao, ds_observacao, co_usuario, co_cliente) VALUES ("22", "2019-08-07 12:48:38", "4", "2019-08-07 08:00:00", "2019-08-07 09:00:00", "39.90", "60", "trh rth trh rt", "8", "4");

INSERT INTO TB_STATUS_AGENDA_SERVICO (co_status_agenda, co_servico, st_status) VALUES ("203", "24", "2");

INSERT INTO TB_STATUS_AGENDA_PROFISSIONAL (co_status_agenda_servico, co_status_agenda, co_profissional, tp_profissional) VALUES ("157", "203", "19", "1");

INSERT INTO TB_STATUS_AGENDA_PROFISSIONAL (co_status_agenda_servico, co_status_agenda, co_profissional, tp_profissional) VALUES ("157", "203", "null", "2");

INSERT INTO TB_STATUS_AGENDA (co_agenda, dt_cadastro, st_status, dt_inicio_agenda, dt_fim_agenda, nu_valor, nu_duracao, ds_observacao, co_usuario, co_cliente) VALUES ("21", "2019-08-07 12:48:52", "3", "2019-08-07 08:00:00", "2019-08-07 08:10:00", "39.99", "10", "fqwef weqfgqreg", "8", "3");

INSERT INTO TB_STATUS_AGENDA_SERVICO (co_status_agenda, co_servico, st_status) VALUES ("204", "30", "1");

INSERT INTO TB_STATUS_AGENDA_PROFISSIONAL (co_status_agenda_servico, co_status_agenda, co_profissional, tp_profissional) VALUES ("158", "204", "21", "1");

INSERT INTO TB_STATUS_AGENDA_PROFISSIONAL (co_status_agenda_servico, co_status_agenda, tp_profissional) VALUES ("158", "204", "2");

UPDATE TB_ENDERECO SET co_endereco = "93", ds_endereco = "QR 403 Conjunto 10", ds_complemento = "Casa 28 33", ds_bairro = "Samambaia Norte (Samambaia)", nu_cep = "72319111", no_cidade = "Brasília", sg_uf = "DF" where co_endereco = 93;

UPDATE TB_CONTATO SET co_contato = "79", nu_tel1 = "11111111111", nu_tel2 = "22222222222", nu_tel3 = "", nu_tel_0800 = "", ds_email = "leo@mail.com", ds_site = "", ds_facebook = "link face 5", ds_twitter = "link twitter 5", ds_instagram = "link insta 5" where co_contato = 79;

UPDATE TB_PESSOA SET co_pessoa = "74", nu_cpf = "12345678909", no_pessoa = "LEO BESSA NOVINHO", nu_rg = "1111111111111", dt_nascimento = "1984-07-06", st_sexo = "F", co_contato = "79", co_endereco = "93", co_imagem = "36" where co_pessoa = 74;

UPDATE TB_CONTA_BANCARIA SET co_conta_bancaria = "40", nu_agencia = "4354365465", nu_conta = "436547385685638", tp_conta = "CP", co_banco = "341" where co_conta_bancaria = 40;

UPDATE TB_PROFISSIONAL SET co_profissional = "19", ds_cor_agenda = "#0000FF", st_assistente = "N", ds_sobre = "SObre 22", ds_motivo = "", no_apelido = "meu apelido 22", st_agenda = "S", st_agenda_online = "S"_online, st_status = "", tp_contratacao = "3", dt_admissao = "2018-12-19", dt_demissao = "", co_imagem = "36", co_pessoa = "74", co_conta_bancaria = "40" where co_profissional = 19;

DELETE FROM TB_PROFISSIONAL_CARGO where co_profissional in (19);

INSERT INTO TB_PROFISSIONAL_CARGO (co_profissional, st_status, dt_cadastro, co_cargo) VALUES ("19", "A", "2019-08-07 12:50:01", "33");

DELETE FROM TB_JORNADA_TRABALHO where co_profissional in (19);

